image_fn,label_fn,tp,fp,fn,tn,iou,recall,precision
https://naipblobs.blob.core.windows.net/naip/v002/md/2017/md_100cm_2017/37075/m_3707501_ne_18_1_20170611.tif,https://landcover.blob.core.windows.net/poultry/test-all/v002/md/2017/md_100cm_2017/37075/m_3707501_ne_18_1_20170611.tif,0,0,0,47082112,nan,nan,nan
https://naipblobs.blob.core.windows.net/naip/v002/md/2017/md_100cm_2017/37075/m_3707501_nw_18_1_20170611.tif,https://landcover.blob.core.windows.net/poultry/test-all/v002/md/2017/md_100cm_2017/37075/m_3707501_nw_18_1_20170611.tif,0,0,0,47127808,nan,nan,nan
https://naipblobs.blob.core.windows.net/naip/v002/md/2017/md_100cm_2017/37075/m_3707501_se_18_1_20170611.tif,https://landcover.blob.core.windows.net/poultry/test-all/v002/md/2017/md_100cm_2017/37075/m_3707501_se_18_1_20170611.tif,0,0,0,47127808,nan,nan,nan
https://naipblobs.blob.core.windows.net/naip/v002/md/2017/md_100cm_2017/37075/m_3707502_ne_18_1_20170611.tif,https://landcover.blob.core.windows.net/poultry/test-all/v002/md/2017/md_100cm_2017/37075/m_3707502_ne_18_1_20170611.tif,19243,5847,6680,46967590,0.6056971986150457,0.7423137754117964,0.7669589477879634
https://naipblobs.blob.core.windows.net/naip/v002/md/2017/md_100cm_2017/37075/m_3707502_nw_18_1_20170611.tif,https://landcover.blob.core.windows.net/poultry/test-all/v002/md/2017/md_100cm_2017/37075/m_3707502_nw_18_1_20170611.tif,38088,10101,2428,46994403,0.7524744651006579,0.9400730575575081,0.7903878478490942
https://naipblobs.blob.core.windows.net/naip/v002/md/2017/md_100cm_2017/37075/m_3707502_sw_18_1_20170611.tif,https://landcover.blob.core.windows.net/poultry/test-all/v002/md/2017/md_100cm_2017/37075/m_3707502_sw_18_1_20170611.tif,0,0,0,47045020,nan,nan,nan
https://naipblobs.blob.core.windows.net/naip/v002/md/2017/md_100cm_2017/37075/m_3707503_ne_18_1_20170611.tif,https://landcover.blob.core.windows.net/poultry/test-all/v002/md/2017/md_100cm_2017/37075/m_3707503_ne_18_1_20170611.tif,25450,10763,3181,46794678,0.6460374676346652,0.8888966504837414,0.7027862922155027
https://naipblobs.blob.core.windows.net/naip/v002/md/2017/md_100cm_2017/37075/m_3707503_nw_18_1_20170611.tif,https://landcover.blob.core.windows.net/poultry/test-all/v002/md/2017/md_100cm_2017/37075/m_3707503_nw_18_1_20170611.tif,0,8568,0,46908112,0.0,nan,0.0
https://naipblobs.blob.core.windows.net/naip/v002/md/2017/md_100cm_2017/37075/m_3707504_ne_18_1_20170611.tif,https://landcover.blob.core.windows.net/poultry/test-all/v002/md/2017/md_100cm_2017/37075/m_3707504_ne_18_1_20170611.tif,95096,16689,6245,46587954,0.8056934677624332,0.9383763728402128,0.8507044773449032
https://naipblobs.blob.core.windows.net/naip/v002/md/2017/md_100cm_2017/37075/m_3707504_nw_18_1_20170611.tif,https://landcover.blob.core.windows.net/poultry/test-all/v002/md/2017/md_100cm_2017/37075/m_3707504_nw_18_1_20170611.tif,83005,16637,6016,46691430,0.7856007117302997,0.9324204401208703,0.833032255474599
https://naipblobs.blob.core.windows.net/naip/v002/md/2017/md_100cm_2017/37076/m_3707608_ne_18_1_20170611.tif,https://landcover.blob.core.windows.net/poultry/test-all/v002/md/2017/md_100cm_2017/37076/m_3707608_ne_18_1_20170611.tif,0,72,0,47173432,0.0,nan,0.0
https://naipblobs.blob.core.windows.net/naip/v002/md/2017/md_100cm_2017/38075/m_3807557_se_18_1_20170611.tif,https://landcover.blob.core.windows.net/poultry/test-all/v002/md/2017/md_100cm_2017/38075/m_3807557_se_18_1_20170611.tif,0,5,0,47082107,0.0,nan,0.0
https://naipblobs.blob.core.windows.net/naip/v002/md/2017/md_100cm_2017/38075/m_3807557_sw_18_1_20170611.tif,https://landcover.blob.core.windows.net/poultry/test-all/v002/md/2017/md_100cm_2017/38075/m_3807557_sw_18_1_20170611.tif,0,0,0,47082112,nan,nan,nan
https://naipblobs.blob.core.windows.net/naip/v002/md/2017/md_100cm_2017/38075/m_3807558_se_18_1_20170611.tif,https://landcover.blob.core.windows.net/poultry/test-all/v002/md/2017/md_100cm_2017/38075/m_3807558_se_18_1_20170611.tif,66284,13830,3621,46787321,0.7915925240341554,0.9482011301051427,0.8273709963302294
https://naipblobs.blob.core.windows.net/naip/v002/md/2017/md_100cm_2017/38075/m_3807558_sw_18_1_20170611.tif,https://landcover.blob.core.windows.net/poultry/test-all/v002/md/2017/md_100cm_2017/38075/m_3807558_sw_18_1_20170611.tif,15018,3130,1037,46980175,0.7827990617670054,0.9354095297415136,0.8275292043200353
https://naipblobs.blob.core.windows.net/naip/v002/md/2017/md_100cm_2017/38075/m_3807559_se_18_1_20170611.tif,https://landcover.blob.core.windows.net/poultry/test-all/v002/md/2017/md_100cm_2017/38075/m_3807559_se_18_1_20170611.tif,123780,17335,11729,46672588,0.8098453324958782,0.9134448634408047,0.8771569287460582
https://naipblobs.blob.core.windows.net/naip/v002/md/2017/md_100cm_2017/38075/m_3807559_sw_18_1_20170611.tif,https://landcover.blob.core.windows.net/poultry/test-all/v002/md/2017/md_100cm_2017/38075/m_3807559_sw_18_1_20170611.tif,72216,15577,5946,46777317,0.7703943929421052,0.9239272280647886,0.8225712756142289
https://naipblobs.blob.core.windows.net/naip/v002/md/2017/md_100cm_2017/38075/m_3807560_se_18_1_20170611.tif,https://landcover.blob.core.windows.net/poultry/test-all/v002/md/2017/md_100cm_2017/38075/m_3807560_se_18_1_20170611.tif,290197,35971,10175,46369641,0.8628007718311367,0.9661253379143195,0.8897163424983444
https://naipblobs.blob.core.windows.net/naip/v002/md/2017/md_100cm_2017/38075/m_3807560_sw_18_1_20170611.tif,https://landcover.blob.core.windows.net/poultry/test-all/v002/md/2017/md_100cm_2017/38075/m_3807560_sw_18_1_20170611.tif,131399,11954,5101,46603082,0.8851159281663007,0.9626300366300367,0.9166114416859082
https://naipblobs.blob.core.windows.net/naip/v002/md/2017/md_100cm_2017/38075/m_3807561_se_18_1_20170611.tif,https://landcover.blob.core.windows.net/poultry/test-all/v002/md/2017/md_100cm_2017/38075/m_3807561_se_18_1_20170611.tif,38184,7694,5823,46489499,0.7385543799926501,0.8676801417956235,0.8322943458738393
https://naipblobs.blob.core.windows.net/naip/v002/md/2017/md_100cm_2017/38075/m_3807561_sw_18_1_20170611.tif,https://landcover.blob.core.windows.net/poultry/test-all/v002/md/2017/md_100cm_2017/38075/m_3807561_sw_18_1_20170611.tif,107250,16114,6365,46493827,0.8267234003191268,0.9439774677639396,0.8693784248240978
https://naipblobs.blob.core.windows.net/naip/v002/md/2017/md_100cm_2017/38075/m_3807562_se_18_1_20170611.tif,https://landcover.blob.core.windows.net/poultry/test-all/v002/md/2017/md_100cm_2017/38075/m_3807562_se_18_1_20170611.tif,0,444,0,46458472,0.0,nan,0.0
https://naipblobs.blob.core.windows.net/naip/v002/md/2017/md_100cm_2017/38075/m_3807562_sw_18_1_20170611.tif,https://landcover.blob.core.windows.net/poultry/test-all/v002/md/2017/md_100cm_2017/38075/m_3807562_sw_18_1_20170611.tif,0,110,0,46541090,0.0,nan,0.0
https://naipblobs.blob.core.windows.net/naip/v002/md/2017/md_100cm_2017/38075/m_3807563_sw_18_1_20170611.tif,https://landcover.blob.core.windows.net/poultry/test-all/v002/md/2017/md_100cm_2017/38075/m_3807563_sw_18_1_20170611.tif,0,0,0,46368028,nan,nan,nan
https://naipblobs.blob.core.windows.net/naip/v002/md/2017/md_100cm_2017/38076/m_3807664_se_18_1_20170611.tif,https://landcover.blob.core.windows.net/poultry/test-all/v002/md/2017/md_100cm_2017/38076/m_3807664_se_18_1_20170611.tif,0,0,0,47164936,nan,nan,nan
https://naipblobs.blob.core.windows.net/naip/v002/va/2016/va_100cm_2016/37075/m_3707501_nw_18_1_20160626.tif,https://landcover.blob.core.windows.net/poultry/test-all/v002/va/2016/va_100cm_2016/37075/m_3707501_nw_18_1_20160626.tif,0,125,0,46795534,0.0,nan,0.0
https://naipblobs.blob.core.windows.net/naip/v002/va/2016/va_100cm_2016/37075/m_3707501_se_18_1_20160626.tif,https://landcover.blob.core.windows.net/poultry/test-all/v002/va/2016/va_100cm_2016/37075/m_3707501_se_18_1_20160626.tif,0,2311,0,46768696,0.0,nan,0.0
https://naipblobs.blob.core.windows.net/naip/v002/va/2016/va_100cm_2016/37075/m_3707501_sw_18_1_20160626.tif,https://landcover.blob.core.windows.net/poultry/test-all/v002/va/2016/va_100cm_2016/37075/m_3707501_sw_18_1_20160626.tif,0,0,0,46833624,nan,nan,nan
https://naipblobs.blob.core.windows.net/naip/v002/va/2016/va_100cm_2016/37075/m_3707502_se_18_1_20160626.tif,https://landcover.blob.core.windows.net/poultry/test-all/v002/va/2016/va_100cm_2016/37075/m_3707502_se_18_1_20160626.tif,0,1437,0,46644456,0.0,nan,0.0
https://naipblobs.blob.core.windows.net/naip/v002/va/2016/va_100cm_2016/37075/m_3707503_ne_18_1_20160626.tif,https://landcover.blob.core.windows.net/poultry/test-all/v002/va/2016/va_100cm_2016/37075/m_3707503_ne_18_1_20160626.tif,24873,11268,2603,46465616,0.641983274829651,0.9052627747852672,0.6882211338922554
https://naipblobs.blob.core.windows.net/naip/v002/va/2016/va_100cm_2016/37075/m_3707503_nw_18_1_20160626.tif,https://landcover.blob.core.windows.net/poultry/test-all/v002/va/2016/va_100cm_2016/37075/m_3707503_nw_18_1_20160626.tif,0,423,0,46558809,0.0,nan,0.0
https://naipblobs.blob.core.windows.net/naip/v002/va/2016/va_100cm_2016/37075/m_3707503_se_18_1_20160626.tif,https://landcover.blob.core.windows.net/poultry/test-all/v002/va/2016/va_100cm_2016/37075/m_3707503_se_18_1_20160626.tif,25599,5576,104,46503377,0.8184085168963202,0.9959537797144302,0.8211387329591019
https://naipblobs.blob.core.windows.net/naip/v002/va/2016/va_100cm_2016/37075/m_3707503_sw_18_1_20160626.tif,https://landcover.blob.core.windows.net/poultry/test-all/v002/va/2016/va_100cm_2016/37075/m_3707503_sw_18_1_20160626.tif,3196,2802,112,46591012,0.5230769230769231,0.966142684401451,0.5328442814271424
https://naipblobs.blob.core.windows.net/naip/v002/va/2016/va_100cm_2016/37075/m_3707504_ne_18_1_20160626.tif,https://landcover.blob.core.windows.net/poultry/test-all/v002/va/2016/va_100cm_2016/37075/m_3707504_ne_18_1_20160626.tif,99160,15657,2181,46276279,0.8475358553137661,0.978478601947879,0.8636351759756831
https://naipblobs.blob.core.windows.net/naip/v002/va/2016/va_100cm_2016/37075/m_3707504_nw_18_1_20160626.tif,https://landcover.blob.core.windows.net/poultry/test-all/v002/va/2016/va_100cm_2016/37075/m_3707504_nw_18_1_20160626.tif,81681,11833,6278,46348293,0.818512506012506,0.9286258370377107,0.8734627970143508
https://naipblobs.blob.core.windows.net/naip/v002/va/2016/va_100cm_2016/37075/m_3707504_se_18_1_20160626.tif,https://landcover.blob.core.windows.net/poultry/test-all/v002/va/2016/va_100cm_2016/37075/m_3707504_se_18_1_20160626.tif,170452,27181,4647,46213698,0.8426537472809966,0.9734607279310561,0.8624673005014345
https://naipblobs.blob.core.windows.net/naip/v002/va/2016/va_100cm_2016/37075/m_3707504_sw_18_1_20160626.tif,https://landcover.blob.core.windows.net/poultry/test-all/v002/va/2016/va_100cm_2016/37075/m_3707504_sw_18_1_20160626.tif,64921,13130,839,46393340,0.8229306629484092,0.9872414841849149,0.831776658851264
https://naipblobs.blob.core.windows.net/naip/v002/va/2016/va_100cm_2016/37075/m_3707505_ne_18_1_20160626.tif,https://landcover.blob.core.windows.net/poultry/test-all/v002/va/2016/va_100cm_2016/37075/m_3707505_ne_18_1_20160626.tif,0,1872,0,46265328,0.0,nan,0.0
https://naipblobs.blob.core.windows.net/naip/v002/va/2016/va_100cm_2016/37075/m_3707505_nw_18_1_20160626.tif,https://landcover.blob.core.windows.net/poultry/test-all/v002/va/2016/va_100cm_2016/37075/m_3707505_nw_18_1_20160626.tif,20938,8109,554,46301337,0.7073409682105334,0.9742229666852782,0.7208317554308534
https://naipblobs.blob.core.windows.net/naip/v002/va/2016/va_100cm_2016/37075/m_3707505_se_18_1_20160626.tif,https://landcover.blob.core.windows.net/poultry/test-all/v002/va/2016/va_100cm_2016/37075/m_3707505_se_18_1_20160626.tif,0,3358,0,46303076,0.0,nan,0.0
https://naipblobs.blob.core.windows.net/naip/v002/va/2016/va_100cm_2016/37075/m_3707505_sw_18_1_20160626.tif,https://landcover.blob.core.windows.net/poultry/test-all/v002/va/2016/va_100cm_2016/37075/m_3707505_sw_18_1_20160626.tif,8635,4034,339,46355745,0.6638222632226323,0.9622242032538444,0.6815849711895178
https://naipblobs.blob.core.windows.net/naip/v002/va/2016/va_100cm_2016/37075/m_3707506_ne_18_1_20160626.tif,https://landcover.blob.core.windows.net/poultry/test-all/v002/va/2016/va_100cm_2016/37075/m_3707506_ne_18_1_20160626.tif,0,133,0,46150139,0.0,nan,0.0
https://naipblobs.blob.core.windows.net/naip/v002/va/2016/va_100cm_2016/37075/m_3707506_nw_18_1_20160626.tif,https://landcover.blob.core.windows.net/poultry/test-all/v002/va/2016/va_100cm_2016/37075/m_3707506_nw_18_1_20160626.tif,0,13,0,46212483,0.0,nan,0.0
https://naipblobs.blob.core.windows.net/naip/v002/va/2016/va_100cm_2016/37075/m_3707506_se_18_1_20160626.tif,https://landcover.blob.core.windows.net/poultry/test-all/v002/va/2016/va_100cm_2016/37075/m_3707506_se_18_1_20160626.tif,0,151,0,46195433,0.0,nan,0.0
https://naipblobs.blob.core.windows.net/naip/v002/va/2016/va_100cm_2016/37075/m_3707506_sw_18_1_20160626.tif,https://landcover.blob.core.windows.net/poultry/test-all/v002/va/2016/va_100cm_2016/37075/m_3707506_sw_18_1_20160626.tif,0,1096,0,46243059,0.0,nan,0.0
https://naipblobs.blob.core.windows.net/naip/v002/va/2016/va_100cm_2016/37075/m_3707509_ne_18_1_20160626.tif,https://landcover.blob.core.windows.net/poultry/test-all/v002/va/2016/va_100cm_2016/37075/m_3707509_ne_18_1_20160626.tif,0,11,0,46808941,0.0,nan,0.0
https://naipblobs.blob.core.windows.net/naip/v002/va/2016/va_100cm_2016/37075/m_3707509_nw_18_1_20160626.tif,https://landcover.blob.core.windows.net/poultry/test-all/v002/va/2016/va_100cm_2016/37075/m_3707509_nw_18_1_20160626.tif,0,221,0,46863775,0.0,nan,0.0
https://naipblobs.blob.core.windows.net/naip/v002/va/2016/va_100cm_2016/37075/m_3707509_se_18_1_20160626.tif,https://landcover.blob.core.windows.net/poultry/test-all/v002/va/2016/va_100cm_2016/37075/m_3707509_se_18_1_20160626.tif,0,193,0,46839115,0.0,nan,0.0
https://naipblobs.blob.core.windows.net/naip/v002/va/2016/va_100cm_2016/37075/m_3707509_sw_18_1_20160626.tif,https://landcover.blob.core.windows.net/poultry/test-all/v002/va/2016/va_100cm_2016/37075/m_3707509_sw_18_1_20160626.tif,0,0,0,46888192,nan,nan,nan
https://naipblobs.blob.core.windows.net/naip/v002/va/2016/va_100cm_2016/37075/m_3707510_se_18_1_20160626.tif,https://landcover.blob.core.windows.net/poultry/test-all/v002/va/2016/va_100cm_2016/37075/m_3707510_se_18_1_20160626.tif,0,645,0,46721058,0.0,nan,0.0
https://naipblobs.blob.core.windows.net/naip/v002/va/2016/va_100cm_2016/37075/m_3707510_sw_18_1_20160626.tif,https://landcover.blob.core.windows.net/poultry/test-all/v002/va/2016/va_100cm_2016/37075/m_3707510_sw_18_1_20160626.tif,0,238,0,46776457,0.0,nan,0.0
https://naipblobs.blob.core.windows.net/naip/v002/va/2016/va_100cm_2016/37075/m_3707511_ne_18_1_20160626.tif,https://landcover.blob.core.windows.net/poultry/test-all/v002/va/2016/va_100cm_2016/37075/m_3707511_ne_18_1_20160626.tif,24758,2695,2629,46542444,0.8230170866298784,0.9040055500785044,0.9018322223436419
https://naipblobs.blob.core.windows.net/naip/v002/va/2016/va_100cm_2016/37075/m_3707511_nw_18_1_20160626.tif,https://landcover.blob.core.windows.net/poultry/test-all/v002/va/2016/va_100cm_2016/37075/m_3707511_nw_18_1_20160626.tif,0,27,0,46627407,0.0,nan,0.0
https://naipblobs.blob.core.windows.net/naip/v002/va/2016/va_100cm_2016/37075/m_3707511_se_18_1_20160626.tif,https://landcover.blob.core.windows.net/poultry/test-all/v002/va/2016/va_100cm_2016/37075/m_3707511_se_18_1_20160626.tif,56363,12788,1557,46532114,0.7971233806641398,0.9731180939226519,0.8150713655623202
https://naipblobs.blob.core.windows.net/naip/v002/va/2016/va_100cm_2016/37075/m_3707511_sw_18_1_20160626.tif,https://landcover.blob.core.windows.net/poultry/test-all/v002/va/2016/va_100cm_2016/37075/m_3707511_sw_18_1_20160626.tif,0,374,0,46658792,0.0,nan,0.0
https://naipblobs.blob.core.windows.net/naip/v002/va/2016/va_100cm_2016/37075/m_3707512_ne_18_1_20160626.tif,https://landcover.blob.core.windows.net/poultry/test-all/v002/va/2016/va_100cm_2016/37075/m_3707512_ne_18_1_20160626.tif,64665,10895,2679,46375574,0.8265059624995207,0.9602191732002852,0.8558099523557438
https://naipblobs.blob.core.windows.net/naip/v002/va/2016/va_100cm_2016/37075/m_3707512_nw_18_1_20160626.tif,https://landcover.blob.core.windows.net/poultry/test-all/v002/va/2016/va_100cm_2016/37075/m_3707512_nw_18_1_20160626.tif,117192,14768,3939,46387896,0.862346301297287,0.9674814869851648,0.8880872991815701
https://naipblobs.blob.core.windows.net/naip/v002/va/2016/va_100cm_2016/37075/m_3707512_se_18_1_20160626.tif,https://landcover.blob.core.windows.net/poultry/test-all/v002/va/2016/va_100cm_2016/37075/m_3707512_se_18_1_20160626.tif,0,392,194,46484918,0.0,0.0,0.0
https://naipblobs.blob.core.windows.net/naip/v002/va/2016/va_100cm_2016/37075/m_3707512_sw_18_1_20160626.tif,https://landcover.blob.core.windows.net/poultry/test-all/v002/va/2016/va_100cm_2016/37075/m_3707512_sw_18_1_20160626.tif,28126,3212,824,46515768,0.8745102916485293,0.9715371329879102,0.8975046269704512
https://naipblobs.blob.core.windows.net/naip/v002/va/2016/va_100cm_2016/37075/m_3707513_ne_18_1_20160626.tif,https://landcover.blob.core.windows.net/poultry/test-all/v002/va/2016/va_100cm_2016/37075/m_3707513_ne_18_1_20160626.tif,0,0,0,46344229,nan,nan,nan
https://naipblobs.blob.core.windows.net/naip/v002/va/2016/va_100cm_2016/37075/m_3707513_nw_18_1_20160626.tif,https://landcover.blob.core.windows.net/poultry/test-all/v002/va/2016/va_100cm_2016/37075/m_3707513_nw_18_1_20160626.tif,0,13511,0,46385494,0.0,nan,0.0
https://naipblobs.blob.core.windows.net/naip/v002/va/2016/va_100cm_2016/37075/m_3707514_nw_18_1_20160626.tif,https://landcover.blob.core.windows.net/poultry/test-all/v002/va/2016/va_100cm_2016/37075/m_3707514_nw_18_1_20160626.tif,0,6,0,46280494,0.0,nan,0.0
https://naipblobs.blob.core.windows.net/naip/v002/va/2016/va_100cm_2016/37075/m_3707517_se_18_1_20160626.tif,https://landcover.blob.core.windows.net/poultry/test-all/v002/va/2016/va_100cm_2016/37075/m_3707517_se_18_1_20160626.tif,0,72,0,46901356,0.0,nan,0.0
https://naipblobs.blob.core.windows.net/naip/v002/va/2016/va_100cm_2016/37075/m_3707518_ne_18_1_20160626.tif,https://landcover.blob.core.windows.net/poultry/test-all/v002/va/2016/va_100cm_2016/37075/m_3707518_ne_18_1_20160626.tif,1672,157,48,46750150,0.8907831646244007,0.9720930232558139,0.9141607435757244
https://naipblobs.blob.core.windows.net/naip/v002/va/2016/va_100cm_2016/37075/m_3707518_nw_18_1_20160626.tif,https://landcover.blob.core.windows.net/poultry/test-all/v002/va/2016/va_100cm_2016/37075/m_3707518_nw_18_1_20160626.tif,0,682,0,46813938,0.0,nan,0.0
https://naipblobs.blob.core.windows.net/naip/v002/va/2016/va_100cm_2016/37075/m_3707518_se_18_1_20160626.tif,https://landcover.blob.core.windows.net/poultry/test-all/v002/va/2016/va_100cm_2016/37075/m_3707518_se_18_1_20160626.tif,33685,5806,1005,46749436,0.8318105491900435,0.9710291150187373,0.852979159808564
https://naipblobs.blob.core.windows.net/naip/v002/va/2016/va_100cm_2016/37075/m_3707518_sw_18_1_20160626.tif,https://landcover.blob.core.windows.net/poultry/test-all/v002/va/2016/va_100cm_2016/37075/m_3707518_sw_18_1_20160626.tif,0,2814,0,46842146,0.0,nan,0.0
https://naipblobs.blob.core.windows.net/naip/v002/va/2016/va_100cm_2016/37075/m_3707519_ne_18_1_20160626.tif,https://landcover.blob.core.windows.net/poultry/test-all/v002/va/2016/va_100cm_2016/37075/m_3707519_ne_18_1_20160626.tif,3255,1624,6676,46629137,0.28169623539593247,0.3277615547276206,0.667144906743185
https://naipblobs.blob.core.windows.net/naip/v002/va/2016/va_100cm_2016/37075/m_3707519_nw_18_1_20160626.tif,https://landcover.blob.core.windows.net/poultry/test-all/v002/va/2016/va_100cm_2016/37075/m_3707519_nw_18_1_20160626.tif,5047,2204,236,46688149,0.6741017764124483,0.9553284118871853,0.6960419252516894
https://naipblobs.blob.core.windows.net/naip/v002/va/2016/va_100cm_2016/37075/m_3707519_se_18_1_20160626.tif,https://landcover.blob.core.windows.net/poultry/test-all/v002/va/2016/va_100cm_2016/37075/m_3707519_se_18_1_20160626.tif,0,5459,0,46673103,0.0,nan,0.0
https://naipblobs.blob.core.windows.net/naip/v002/va/2016/va_100cm_2016/37075/m_3707519_sw_18_1_20160626.tif,https://landcover.blob.core.windows.net/poultry/test-all/v002/va/2016/va_100cm_2016/37075/m_3707519_sw_18_1_20160626.tif,77115,13163,2217,46641031,0.8337207416617114,0.9720541521706247,0.8541948204435189
https://naipblobs.blob.core.windows.net/naip/v002/va/2016/va_100cm_2016/37075/m_3707520_ne_18_1_20160626.tif,https://landcover.blob.core.windows.net/poultry/test-all/v002/va/2016/va_100cm_2016/37075/m_3707520_ne_18_1_20160626.tif,0,0,0,46523334,nan,nan,nan
https://naipblobs.blob.core.windows.net/naip/v002/va/2016/va_100cm_2016/37075/m_3707520_nw_18_1_20160626.tif,https://landcover.blob.core.windows.net/poultry/test-all/v002/va/2016/va_100cm_2016/37075/m_3707520_nw_18_1_20160626.tif,462,92,5468,46572188,0.07671869810694122,0.07790893760539629,0.8339350180505415
https://naipblobs.blob.core.windows.net/naip/v002/va/2016/va_100cm_2016/37075/m_3707520_sw_18_1_20160626.tif,https://landcover.blob.core.windows.net/poultry/test-all/v002/va/2016/va_100cm_2016/37075/m_3707520_sw_18_1_20160626.tif,0,44,0,46608446,0.0,nan,0.0
https://naipblobs.blob.core.windows.net/naip/v002/va/2016/va_100cm_2016/37075/m_3707525_ne_18_1_20160626.tif,https://landcover.blob.core.windows.net/poultry/test-all/v002/va/2016/va_100cm_2016/37075/m_3707525_ne_18_1_20160626.tif,12534,2460,1837,46922537,0.7446972847721466,0.872173126435182,0.8359343737494997
https://naipblobs.blob.core.windows.net/naip/v002/va/2016/va_100cm_2016/37075/m_3707525_nw_18_1_20160626.tif,https://landcover.blob.core.windows.net/poultry/test-all/v002/va/2016/va_100cm_2016/37075/m_3707525_nw_18_1_20160626.tif,0,2,0,46994478,0.0,nan,0.0
https://naipblobs.blob.core.windows.net/naip/v002/va/2016/va_100cm_2016/37075/m_3707525_se_18_1_20160626.tif,https://landcover.blob.core.windows.net/poultry/test-all/v002/va/2016/va_100cm_2016/37075/m_3707525_se_18_1_20160626.tif,1795,5371,1835,46966909,0.19942228641262083,0.49449035812672176,0.25048841752721185
https://naipblobs.blob.core.windows.net/naip/v002/va/2016/va_100cm_2016/37075/m_3707525_sw_18_1_20160626.tif,https://landcover.blob.core.windows.net/poultry/test-all/v002/va/2016/va_100cm_2016/37075/m_3707525_sw_18_1_20160626.tif,0,5,0,47032435,0.0,nan,0.0
https://naipblobs.blob.core.windows.net/naip/v002/va/2016/va_100cm_2016/37075/m_3707526_ne_18_1_20160626.tif,https://landcover.blob.core.windows.net/poultry/test-all/v002/va/2016/va_100cm_2016/37075/m_3707526_ne_18_1_20160626.tif,0,2079,2030,46816147,0.0,0.0,0.0
https://naipblobs.blob.core.windows.net/naip/v002/va/2016/va_100cm_2016/37075/m_3707526_nw_18_1_20160626.tif,https://landcover.blob.core.windows.net/poultry/test-all/v002/va/2016/va_100cm_2016/37075/m_3707526_nw_18_1_20160626.tif,20055,5874,3464,46853492,0.6823053107882829,0.8527148263106424,0.7734582899456207
https://naipblobs.blob.core.windows.net/naip/v002/va/2016/va_100cm_2016/37075/m_3707526_se_18_1_20160626.tif,https://landcover.blob.core.windows.net/poultry/test-all/v002/va/2016/va_100cm_2016/37075/m_3707526_se_18_1_20160626.tif,0,3244,0,46854917,0.0,nan,0.0
https://naipblobs.blob.core.windows.net/naip/v002/va/2016/va_100cm_2016/37075/m_3707526_sw_18_1_20160626.tif,https://landcover.blob.core.windows.net/poultry/test-all/v002/va/2016/va_100cm_2016/37075/m_3707526_sw_18_1_20160626.tif,1538,1662,1083,46916527,0.35909409292551947,0.5867989317054559,0.480625
https://naipblobs.blob.core.windows.net/naip/v002/va/2016/va_100cm_2016/37075/m_3707527_ne_18_1_20160626.tif,https://landcover.blob.core.windows.net/poultry/test-all/v002/va/2016/va_100cm_2016/37075/m_3707527_ne_18_1_20160626.tif,0,488,0,46708370,0.0,nan,0.0
https://naipblobs.blob.core.windows.net/naip/v002/va/2016/va_100cm_2016/37075/m_3707527_nw_18_1_20160626.tif,https://landcover.blob.core.windows.net/poultry/test-all/v002/va/2016/va_100cm_2016/37075/m_3707527_nw_18_1_20160626.tif,5932,4842,132,46746761,0.5439207775536402,0.9782321899736148,0.5505847410432523
https://naipblobs.blob.core.windows.net/naip/v002/va/2016/va_100cm_2016/37075/m_3707527_se_18_1_20160626.tif,https://landcover.blob.core.windows.net/poultry/test-all/v002/va/2016/va_100cm_2016/37075/m_3707527_se_18_1_20160626.tif,0,359,0,46738795,0.0,nan,0.0
https://naipblobs.blob.core.windows.net/naip/v002/va/2016/va_100cm_2016/37075/m_3707527_sw_18_1_20160626.tif,https://landcover.blob.core.windows.net/poultry/test-all/v002/va/2016/va_100cm_2016/37075/m_3707527_sw_18_1_20160626.tif,0,137,0,46802992,0.0,nan,0.0
https://naipblobs.blob.core.windows.net/naip/v002/va/2016/va_100cm_2016/37075/m_3707528_nw_18_1_20160626.tif,https://landcover.blob.core.windows.net/poultry/test-all/v002/va/2016/va_100cm_2016/37075/m_3707528_nw_18_1_20160626.tif,0,404,0,46653506,0.0,nan,0.0
https://naipblobs.blob.core.windows.net/naip/v002/va/2016/va_100cm_2016/37075/m_3707528_sw_18_1_20160626.tif,https://landcover.blob.core.windows.net/poultry/test-all/v002/va/2016/va_100cm_2016/37075/m_3707528_sw_18_1_20160626.tif,0,421,0,46683769,0.0,nan,0.0
https://naipblobs.blob.core.windows.net/naip/v002/va/2016/va_100cm_2016/37075/m_3707533_ne_18_1_20160626.tif,https://landcover.blob.core.windows.net/poultry/test-all/v002/va/2016/va_100cm_2016/37075/m_3707533_ne_18_1_20160626.tif,0,5889,0,47000377,0.0,nan,0.0
https://naipblobs.blob.core.windows.net/naip/v002/va/2016/va_100cm_2016/37075/m_3707533_nw_18_1_20160626.tif,https://landcover.blob.core.windows.net/poultry/test-all/v002/va/2016/va_100cm_2016/37075/m_3707533_nw_18_1_20160626.tif,0,0,0,47062808,nan,nan,nan
https://naipblobs.blob.core.windows.net/naip/v002/va/2016/va_100cm_2016/37075/m_3707533_se_18_1_20160626.tif,https://landcover.blob.core.windows.net/poultry/test-all/v002/va/2016/va_100cm_2016/37075/m_3707533_se_18_1_20160626.tif,0,58,0,47037954,0.0,nan,0.0
https://naipblobs.blob.core.windows.net/naip/v002/va/2016/va_100cm_2016/37075/m_3707533_sw_18_1_20160626.tif,https://landcover.blob.core.windows.net/poultry/test-all/v002/va/2016/va_100cm_2016/37075/m_3707533_sw_18_1_20160626.tif,0,0,0,47100768,nan,nan,nan
https://naipblobs.blob.core.windows.net/naip/v002/va/2016/va_100cm_2016/37075/m_3707534_ne_18_1_20160626.tif,https://landcover.blob.core.windows.net/poultry/test-all/v002/va/2016/va_100cm_2016/37075/m_3707534_ne_18_1_20160626.tif,0,624,0,46887861,0.0,nan,0.0
https://naipblobs.blob.core.windows.net/naip/v002/va/2016/va_100cm_2016/37075/m_3707534_nw_18_1_20160626.tif,https://landcover.blob.core.windows.net/poultry/test-all/v002/va/2016/va_100cm_2016/37075/m_3707534_nw_18_1_20160626.tif,0,719,0,46944241,0.0,nan,0.0
https://naipblobs.blob.core.windows.net/naip/v002/va/2016/va_100cm_2016/37075/m_3707534_se_18_1_20160626.tif,https://landcover.blob.core.windows.net/poultry/test-all/v002/va/2016/va_100cm_2016/37075/m_3707534_se_18_1_20160626.tif,0,38,0,46926352,0.0,nan,0.0
https://naipblobs.blob.core.windows.net/naip/v002/va/2016/va_100cm_2016/37075/m_3707534_sw_18_1_20160626.tif,https://landcover.blob.core.windows.net/poultry/test-all/v002/va/2016/va_100cm_2016/37075/m_3707534_sw_18_1_20160626.tif,0,12161,0,46963135,0.0,nan,0.0
https://naipblobs.blob.core.windows.net/naip/v002/va/2016/va_100cm_2016/37075/m_3707535_ne_18_1_20160626.tif,https://landcover.blob.core.windows.net/poultry/test-all/v002/va/2016/va_100cm_2016/37075/m_3707535_ne_18_1_20160626.tif,0,0,0,46777024,nan,nan,nan
https://naipblobs.blob.core.windows.net/naip/v002/va/2016/va_100cm_2016/37075/m_3707535_nw_18_1_20160626.tif,https://landcover.blob.core.windows.net/poultry/test-all/v002/va/2016/va_100cm_2016/37075/m_3707535_nw_18_1_20160626.tif,0,4,0,46833433,0.0,nan,0.0
https://naipblobs.blob.core.windows.net/naip/v002/va/2016/va_100cm_2016/37075/m_3707535_se_18_1_20160626.tif,https://landcover.blob.core.windows.net/poultry/test-all/v002/va/2016/va_100cm_2016/37075/m_3707535_se_18_1_20160626.tif,0,0,0,46807320,nan,nan,nan
https://naipblobs.blob.core.windows.net/naip/v002/va/2016/va_100cm_2016/37075/m_3707535_sw_18_1_20160626.tif,https://landcover.blob.core.windows.net/poultry/test-all/v002/va/2016/va_100cm_2016/37075/m_3707535_sw_18_1_20160626.tif,0,0,0,46863745,nan,nan,nan
https://naipblobs.blob.core.windows.net/naip/v002/va/2016/va_100cm_2016/37075/m_3707541_ne_18_1_20160626.tif,https://landcover.blob.core.windows.net/poultry/test-all/v002/va/2016/va_100cm_2016/37075/m_3707541_ne_18_1_20160626.tif,7029,2414,604,47065905,0.6996118244252015,0.9208699069828377,0.7443609022556391
https://naipblobs.blob.core.windows.net/naip/v002/va/2016/va_100cm_2016/37075/m_3707541_nw_18_1_20160626.tif,https://landcover.blob.core.windows.net/poultry/test-all/v002/va/2016/va_100cm_2016/37075/m_3707541_nw_18_1_20160626.tif,0,5340,0,47125796,0.0,nan,0.0
https://naipblobs.blob.core.windows.net/naip/v002/va/2016/va_100cm_2016/37075/m_3707542_ne_18_1_20160626.tif,https://landcover.blob.core.windows.net/poultry/test-all/v002/va/2016/va_100cm_2016/37075/m_3707542_ne_18_1_20160626.tif,0,92,0,46956622,0.0,nan,0.0
https://naipblobs.blob.core.windows.net/naip/v002/va/2016/va_100cm_2016/37075/m_3707542_nw_18_1_20160626.tif,https://landcover.blob.core.windows.net/poultry/test-all/v002/va/2016/va_100cm_2016/37075/m_3707542_nw_18_1_20160626.tif,0,914,0,47012302,0.0,nan,0.0
https://naipblobs.blob.core.windows.net/naip/v002/va/2016/va_100cm_2016/37075/m_3707543_nw_18_1_20160626.tif,https://landcover.blob.core.windows.net/poultry/test-all/v002/va/2016/va_100cm_2016/37075/m_3707543_nw_18_1_20160626.tif,0,0,0,46901630,nan,nan,nan
https://naipblobs.blob.core.windows.net/naip/v002/va/2016/va_100cm_2016/37076/m_3707608_ne_18_1_20160626.tif,https://landcover.blob.core.windows.net/poultry/test-all/v002/va/2016/va_100cm_2016/37076/m_3707608_ne_18_1_20160626.tif,0,422,0,46851706,0.0,nan,0.0
https://naipblobs.blob.core.windows.net/naip/v002/va/2016/va_100cm_2016/37076/m_3707608_se_18_1_20160626.tif,https://landcover.blob.core.windows.net/poultry/test-all/v002/va/2016/va_100cm_2016/37076/m_3707608_se_18_1_20160626.tif,0,356,0,46889752,0.0,nan,0.0
https://naipblobs.blob.core.windows.net/naip/v002/va/2016/va_100cm_2016/37076/m_3707616_ne_18_1_20160626.tif,https://landcover.blob.core.windows.net/poultry/test-all/v002/va/2016/va_100cm_2016/37076/m_3707616_ne_18_1_20160626.tif,0,475,0,46926194,0.0,nan,0.0
https://naipblobs.blob.core.windows.net/naip/v002/va/2016/va_100cm_2016/37076/m_3707648_ne_18_1_20160626.tif,https://landcover.blob.core.windows.net/poultry/test-all/v002/va/2016/va_100cm_2016/37076/m_3707648_ne_18_1_20160626.tif,0,76,0,47193872,0.0,nan,0.0
https://naipblobs.blob.core.windows.net/naip/v002/va/2016/va_100cm_2016/38075/m_3807560_se_18_1_20160626.tif,https://landcover.blob.core.windows.net/poultry/test-all/v002/va/2016/va_100cm_2016/38075/m_3807560_se_18_1_20160626.tif,269982,39188,27595,46018677,0.8016925749409826,0.9072676987804837,0.8732477277873015
https://naipblobs.blob.core.windows.net/naip/v002/va/2016/va_100cm_2016/38075/m_3807561_se_18_1_20160626.tif,https://landcover.blob.core.windows.net/poultry/test-all/v002/va/2016/va_100cm_2016/38075/m_3807561_se_18_1_20160626.tif,36875,8221,7132,46178616,0.7060389063337673,0.8379348739973186,0.8177000177399326
https://naipblobs.blob.core.windows.net/naip/v002/va/2016/va_100cm_2016/38075/m_3807561_sw_18_1_20160626.tif,https://landcover.blob.core.windows.net/poultry/test-all/v002/va/2016/va_100cm_2016/38075/m_3807561_sw_18_1_20160626.tif,90552,13153,20845,46168573,0.7270333199518266,0.8128764688456601,0.8731690853864327
https://naipblobs.blob.core.windows.net/naip/v002/va/2016/va_100cm_2016/38075/m_3807562_se_18_1_20160626.tif,https://landcover.blob.core.windows.net/poultry/test-all/v002/va/2016/va_100cm_2016/38075/m_3807562_se_18_1_20160626.tif,0,177,0,46119887,0.0,nan,0.0
https://naipblobs.blob.core.windows.net/naip/v002/va/2016/va_100cm_2016/38075/m_3807563_sw_18_1_20160626.tif,https://landcover.blob.core.windows.net/poultry/test-all/v002/va/2016/va_100cm_2016/38075/m_3807563_sw_18_1_20160626.tif,0,0,0,46063998,nan,nan,nan
----
,Totals,2463297,511112,186033,5323585141,0.7794153476001142,0.929781114470451,0.8281635108016416
